URL,URL_LENGTH,NUMBER_SPECIAL_CHARACTERS,CHARSET,SERVER,CONTENT_LENGTH,WHOIS_COUNTRY,WHOIS_STATEPRO,WHOIS_REGDATE,WHOIS_UPDATED_DATE,TCP_CONVERSATION_EXCHANGE,DIST_REMOTE_TCP_PORT,REMOTE_IPS,APP_BYTES,SOURCE_APP_PACKETS,REMOTE_APP_PACKETS,SOURCE_APP_BYTES,REMOTE_APP_BYTES,APP_PACKETS,DNS_QUERY_TIMES,res
M0_109,16,7,iso-8859-1,nginx,263,None,None,10-10-2015 18:21,None,7,0,2,700,9,10,1153,832,9,2,1
B0_2314,16,6,UTF-8,Apache/2.4.10,15087,None,None,None,None,17,7,4,1230,17,19,1265,1230,17,0,0
B0_911,16,6,us-ascii,Microsoft-HTTPAPI/2.0,324,None,None,None,None,0,0,0,0,0,0,0,0,0,0,0
B0_113,17,6,ISO-8859-1,nginx,162,US,AK,07-10-1997 04:00,12-09-2013 00:45,31,22,3,3812,39,37,18784,4380,39,8,0
B0_403,17,6,UTF-8,None,124140,US,TX,12-05-1996 00:00,11-04-2017 00:00,57,2,5,4278,61,62,129889,4586,61,4,0
B0_2064,18,7,UTF-8,nginx,NA,SC,Mahe,03-08-2016 14:30,03-10-2016 03:45,11,6,9,894,11,13,838,894,11,0,0
B0_462,18,6,iso-8859-1,Apache/2,345,US,CO,29-07-2002 00:00,01-07-2016 00:00,12,0,3,1189,14,13,8559,1327,14,2,0
B0_1128,19,6,us-ascii,Microsoft-HTTPAPI/2.0,324,US,FL,18-03-1997 00:00,19-03-2017 00:00,0,0,0,0,0,0,0,0,0,0,0
M2_17,20,5,utf-8,nginx/1.10.1,NA,None,None,08-11-2014 07:41,None,0,0,0,0,2,3,213,146,2,2,1
M3_75,20,5,utf-8,nginx/1.10.1,NA,None,None,08-11-2014 07:41,None,0,0,0,0,2,1,62,146,2,2,1
B0_1013,20,6,utf-8,Apache,NA,US,Kansas,14-09-2007 00:00,09-09-2015 00:00,0,0,0,0,0,0,0,0,0,0,0
B0_1102,20,6,us-ascii,Microsoft-HTTPAPI/2.0,324,US,CO,22-11-2016 00:00,23-11-2016 00:00,0,0,0,0,0,0,0,0,0,0,0
B0_22,20,7,utf-8,None,13716,GB,None,11-10-2002 00:00,06-10-2016 00:00,16,6,8,1492,20,20,2334,1784,20,4,0
B0_482,20,6,ISO-8859-1,nginx,3692,None,None,14-11-2002 00:00,19-04-2015 00:00,25,19,4,3946,35,29,16408,4746,35,10,0
B0_869,20,7,ISO-8859-1,Apache/2.2.15 (Red Hat),13054,None,None,None,None,0,0,0,0,0,0,0,0,0,0,0
M0_71,21,7,ISO-8859-1,Apache/2.4.23 (Unix) OpenSSL/1.0.1e-fips mod_bwlimited/1.4,957,UK,None,16-07-2000 00:00,04-07-2015 00:00,7,0,1,717,11,10,1960,1011,11,4,1
M0_97,21,7,iso-8859-1,nginx,686,RU,Novosibirskaya obl.,25-05-2013 00:00,23-05-2016 00:00,6,0,2,603,8,9,1580,745,8,2,1
B0_2303,21,6,us-ascii,Microsoft-HTTPAPI/2.0,324,None,None,09-08-1999 00:00,10-02-2015 00:00,7,7,3,618,7,9,562,618,7,0,0
B0_584,21,6,utf-8,nginx,15025,None,None,None,None,13,1,5,1099,15,17,15476,1243,15,2,0
M0_69,22,7,us-ascii,Microsoft-HTTPAPI/2.0,324,US,CO,15-09-2013 00:00,25-02-2017 00:00,9,0,4,850,11,9,1354,994,11,2,1
B0_161,22,6,utf-8,openresty/1.11.2.1,NA,US,CA,03-07-1999 00:00,07-08-2015 00:00,39,29,6,3833,43,42,22495,4125,43,4,0
B0_2122,22,6,iso-8859-1,nginx,318,US,Tennessee,02-11-2003 00:00,29-06-2015 00:00,8,6,6,696,8,10,636,696,8,0,0
B0_2176,22,6,iso-8859-1,Apache/2.2.22,224,None,None,12-08-2008 22:10,13-07-2016 17:36,4,3,2,420,4,6,372,420,4,0,0
B0_569,22,7,utf-8,Apache/2.4.7 (Ubuntu),4421,AU,Vi,21-05-2009 00:00,15-05-2016 00:00,12,0,2,2259,16,12,5165,2559,16,4,0
B0_601,22,6,UTF-8,nginx/1.12.0,NA,US,FL,01-08-2002 00:00,22-03-2016 00:00,6,0,3,650,10,10,1417,950,10,4,0
B0_884,22,6,ISO-8859-1,Apache,441,US,OR,13-01-2005 00:00,02-03-2017 00:00,0,0,0,0,0,0,0,0,0,0,0
B0_905,22,6,ISO-8859-1,nginx/1.12.0,NA,US,Texas,18-05-2005 19:41,19-05-2016 10:14,0,0,0,0,0,0,0,0,0,0,0
B0_916,22,6,utf-8,nginx,6671,CA,ALBERTA,04-01-2001 00:00,03-03-2017 00:00,0,0,0,0,0,0,0,0,0,0,0
B0_102,23,6,utf-8,Apache,NA,US,FL,28-02-2008 10:58,14-02-2017 20:27,16,3,11,1696,18,20,13422,1844,18,2,0
B0_1130,23,6,iso-8859-1,Apache/2.4.12 (Unix) OpenSSL/1.0.1e-fips mod_bwlimited/1.4,434,PA,PANAMA,08-12-2006 00:00,14-12-2015 00:00,0,0,0,0,0,0,0,0,0,0,0
B0_1185,23,6,us-ascii,Microsoft-HTTPAPI/2.0,324,se,None,16-06-2000 00:00,18-05-2016 00:00,0,0,0,0,0,0,0,0,0,0,0
B0_1369,23,6,utf-8,nginx,13001,None,None,None,None,0,0,0,0,0,0,0,0,0,0,0
B0_1412,23,7,ISO-8859-1,Oracle-iPlanet-Web-Server/7.0,3257,None,None,13-10-2000 00:00,27-04-2017 00:00,0,0,0,0,0,0,0,0,0,0,0
B0_2217,23,6,ISO-8859-1,None,6748,US,Arizona,31-12-1999 00:00,09-04-2017 00:00,7,4,5,630,7,4,244,630,7,0,0
B0_2240,23,7,UTF-8,nginx,NA,None,None,None,None,24,5,8,1740,24,11,696,1740,24,0,0
B0_23,23,6,None,None,NA,US,TX,30-07-1996 00:00,04-07-2016 00:00,19,7,6,2404,23,20,6179,2684,23,4,0
B0_241,23,6,UTF-8,None,NA,GB,None,09-05-2008 00:00,27-11-2015 00:00,19,14,6,1980,23,25,5737,2276,23,4,0
B0_285,23,6,UTF-8,None,NA,US,WI,23-04-1999 00:00,25-07-2016 00:00,4,0,1,519,8,8,1138,823,8,4,0
B0_465,23,6,UTF-8,cloudflare-nginx,NA,US,Oregon,04-02-1997 00:00,08-11-2014 00:00,10,0,5,1186,14,15,1900,1476,14,4,0
B0_599,23,6,ISO-8859-1,nginx/1.12.0,NA,IN,Andhra Pradesh,13-02-2003 00:00,14-02-2017 00:00,43,4,4,5738,47,50,56926,6046,47,4,0
B0_614,23,6,iso-8859-1,Apache,240,US,CA,17-05-2008 00:00,18-05-2016 00:00,8,0,2,723,10,11,1837,871,10,2,0
B0_622,23,6,ISO-8859-1,Apache,3985,CA,AB,30-05-2002 00:00,31-05-2016 00:00,40,17,16,3285,46,45,12003,3729,46,6,0
B0_790,23,6,us-ascii,Microsoft-HTTPAPI/2.0,324,None,None,20-10-2005 00:00,30-09-2016 00:00,0,0,0,0,0,0,0,0,0,0,0
M0_175,24,8,ISO-8859-1,nginx/1.6.2,6173,None,None,None,None,2,0,1,132,2,5,318,132,2,0,1
M0_89,24,9,iso-8859-1,Apache,319,IN,Tamil Nadu,None,None,7,0,2,720,9,10,1269,868,9,2,1
B0_108,24,6,utf-8,openresty,NA,LU,None,07-01-2006 00:00,14-12-2016 00:00,84,54,5,10490,96,106,106925,11482,96,12,0
B0_126,24,6,ISO-8859-1,None,34,US,VA,05-03-1996 05:00,27-05-2016 14:46,65,3,5,6286,69,75,90508,6596,69,4,0
B0_171,24,7,utf-8,nginx,NA,US,NY,23-03-1995 00:00,03-03-2017 00:00,14,6,6,1907,18,18,5601,2171,18,4,0
B0_2301,24,6,utf-8,Heptu web server,1778,None,None,10-01-1998 00:00,11-11-2012 00:00,7,7,3,618,7,9,562,618,7,0,0
B0_2313,24,6,utf-8,Pepyaka/1.11.3,NA,None,None,27-04-2016 00:00,29-04-2017 00:00,6,3,2,528,6,4,244,528,6,0,0
B0_2315,24,6,us-ascii,Microsoft-HTTPAPI/2.0,324,CA,quebec,07-04-2011 00:00,08-04-2017 00:00,6,4,4,564,6,8,508,564,6,0,0
B0_282,24,8,iso-8859-1,Apache/2.2.22,224,US,MA,26-02-2009 00:00,06-01-2017 00:00,19,2,4,2131,23,23,9471,2441,23,4,0
B0_321,24,6,utf-8,nginx/1.8.0,NA,CA,ON,03-07-2002 00:00,02-07-2016 00:00,12,2,7,984,16,16,1839,1292,16,4,0
B0_326,24,7,iso-8859-1,Apache,318,None,None,None,None,21,1,8,1606,25,13,1276,1914,25,4,0
B0_483,24,7,utf-8,nginx/1.10.1 + Phusion Passenger 5.0.30,NA,None,None,21-02-1995 00:00,19-02-2017 00:00,16,6,8,2279,22,22,2562,2729,22,6,0
B0_543,24,6,iso-8859-1,Apache/2,345,US,New Mexico,04-07-2007 00:00,05-07-2016 00:00,19,5,9,1390,21,25,3890,1540,21,2,0
B0_656,24,6,UTF-8,Apache,756,PA,PANAMA,02-07-1998 00:00,06-02-2017 00:00,23,3,15,2485,27,28,9332,2799,27,4,0
B0_1163,25,6,utf-8,Apache/2.2.29 (Amazon),NA,CA,British Columbia,10-03-2005 00:00,04-01-2017 00:00,0,0,0,0,0,0,0,0,0,0,0
B0_1308,25,7,utf-8,nginx,NA,US,NY,23-03-1995 00:00,03-03-2017 00:00,0,0,0,0,0,0,0,0,0,0,0
B0_1347,25,6,UTF-8,nginx,14839,US,NY,15-12-2004 00:00,13-11-2016 00:00,0,0,0,0,0,0,0,0,0,0,0
B0_2127,25,6,us-ascii,Microsoft-IIS/7.5,324,US,Massachusetts,25-02-2008 00:00,26-02-2017 00:00,5,2,4,474,5,4,250,474,5,0,0
B0_2224,25,6,UTF-8,LiteSpeed,NA,None,None,27-01-2005 00:00,15-11-2013 00:00,6,5,2,564,6,7,442,564,6,0,0
B0_468,25,6,UTF-8,Apache,NA,US,California,14-09-2006 00:00,09-09-2016 00:00,12,0,5,1327,16,17,14050,1615,16,4,0
B0_568,25,6,UTF-8,nginx,658,None,None,None,None,11,3,4,1232,15,16,9806,1530,15,4,0
B0_577,25,6,UTF-8,None,NA,TH,bangkok,30-04-2010 14:12,12-03-2017 01:47,18,7,9,1586,22,17,1735,1898,22,4,0
B0_704,25,6,ISO-8859-1,Apache,NA,US,CA,22-04-1997 00:00,22-02-2017 00:00,36,17,9,4737,42,35,10343,5173,42,6,0
B0_781,25,6,UTF-8,Apache,195,GB,WEST MIDLANDS,16-07-2016 00:00,22-12-2016 00:00,0,0,0,0,0,0,0,0,0,0,0
B0_786,25,6,us-ascii,Microsoft-HTTPAPI/2.0,324,US,CO,27-11-2016 19:09,01-02-2017 00:01,0,0,0,0,0,0,0,0,0,0,0
B0_886,25,6,ISO-8859-1,Apache,NA,US,California,30-10-2009 00:00,27-10-2016 00:00,0,0,0,0,0,0,0,0,0,0,0
M0_111,26,8,UTF-8,nginx,NA,None,None,12-03-2009 21:00,None,12,0,2,1052,14,14,11935,1204,14,2,1
M0_15,26,8,utf-8,nginx,NA,None,None,09-03-2000 17:50,None,9,1,2,878,11,12,2242,1018,11,2,1
M0_171,26,7,ISO-8859-1,nginx/1.12.0,4166,US,TEXAS,30-05-2008 00:00,30-05-2016 00:00,24,0,3,2508,30,30,21098,2992,30,6,1
M0_68,26,7,ISO-8859-1,Apache/2.4.23 (Unix) OpenSSL/1.0.1e-fips mod_bwlimited/1.4,962,GB,WC1N,25-09-2000 00:00,18-07-2016 00:00,9,0,4,842,11,12,2101,994,11,2,1
M0_70,26,7,ISO-8859-1,Apache/2.4.23 (Unix) OpenSSL/1.0.1e-fips mod_bwlimited/1.4,962,GB,WC1N,09-04-2002 00:00,10-04-2017 00:00,7,0,2,722,11,10,2000,1016,11,4,1
M0_72,26,7,ISO-8859-1,Apache/2.4.23 (Unix) OpenSSL/1.0.1e-fips mod_bwlimited/1.4,962,GB,WC1N,09-04-2002 00:00,10-04-2017 00:00,7,0,2,722,11,9,1913,1036,11,4,1
B0_1125,26,6,utf-8,nginx,2688,US,Kentucky,11-01-1997 00:00,30-04-2015 00:00,0,0,0,0,0,0,0,0,0,0,0
B0_1205,26,7,UTF-8,cloudflare-nginx,NA,US,MD,11-06-2000 00:00,03-03-2017 00:00,0,0,0,0,0,0,0,0,0,0,0
B0_1321,26,6,UTF-8,nginx,NA,CA,ON,13-02-2002 19:55,23-02-2017 17:46,0,0,0,0,0,0,0,0,0,0,0
B0_1374,26,6,iso-8859-1,Apache,199,PA,PANAMA,19-12-2007 00:00,21-11-2016 00:00,0,0,0,0,0,0,0,0,0,0,0
B0_159,26,6,UTF-8,Apache/2.4.25 (cPanel) OpenSSL/1.0.1e-fips mod_bwlimited/1.4,3548,None,None,06-11-1997 00:00,06-11-2016 00:00,13,0,1,1378,19,19,6226,1856,19,6,0
B0_173,26,7,utf-8,nginx,NA,US,NY,23-03-1995 00:00,03-03-2017 00:00,26,19,5,2727,30,19,5765,2991,30,4,0
B0_179,26,6,None,tsa_c,0,US,CA,21-01-2000 00:00,08-11-2016 00:00,43,39,3,6325,53,50,32025,7063,53,10,0
B0_2027,26,6,ISO-8859-1,nginx/1.12.0,5426,US,NEW YORK,27-04-2009 00:00,27-02-2017 00:00,9,7,4,702,9,10,696,702,9,0,0
B0_2152,26,7,utf-8,Apache/2.2.0 (Fedora),NA,None,None,11-10-2000 00:00,12-12-2016 00:00,11,9,7,882,11,9,562,882,11,0,0
B0_2293,26,6,UTF-8,None,NA,CA,British Columbia,04-08-1998 00:00,10-04-2017 00:00,4,3,2,396,4,6,482,396,4,0,0
B0_256,26,6,iso-8859-1,Apache/2,345,US,FL,31-05-2000 00:00,02-04-2014 00:00,43,0,2,3252,47,47,60076,3564,47,4,0
B0_258,26,7,utf-8,nginx,NA,US,NY,23-03-1995 00:00,03-03-2017 00:00,46,12,11,3783,50,18,5605,4047,50,4,0
B0_297,26,7,utf-8,nginx,NA,US,NY,23-03-1995 00:00,03-03-2017 00:00,21,8,9,2373,25,27,6199,2637,25,4,0
B0_660,26,6,utf-8,cloudflare-nginx,NA,US,Washington,23-10-1999 00:00,13-08-2016 00:00,7,0,2,984,11,12,1650,1300,11,4,0
B0_793,26,6,ISO-8859-1,nginx/1.12.0,NA,US,Colorado,23-06-2010 00:00,23-04-2015 00:00,0,0,0,0,0,0,0,0,0,0,0
B0_859,26,6,us-ascii,None,324,US,TX,09-03-2000 00:00,13-02-2014 00:00,0,0,0,0,0,0,0,0,0,0,0
B0_883,26,6,UTF-8,cloudflare-nginx,NA,US,PA,13-04-1994 00:00,13-03-2017 00:00,0,0,0,0,0,0,0,0,0,0,0
B0_928,26,6,UTF-8,nginx,NA,US,LA,09-06-2010 00:00,21-06-2016 00:00,0,0,0,0,0,0,0,0,0,0,0
B0_982,26,6,utf-8,nginx/1.12.0,NA,US,Arizona,29-04-2009 00:00,08-03-2017 00:00,0,0,0,0,0,0,0,0,0,0,0
M0_67,27,7,UTF-8,Apache/2.2.22 (Debian),8756,GB,WC1N,16-06-2000 00:00,16-02-2016 00:00,38,0,3,4207,44,45,39662,4679,44,6,1
M0_75,27,7,UTF-8,Apache,193,US,PA,19-01-2015 00:00,03-03-2017 00:00,9,0,1,1838,11,13,4524,1992,11,2,1
B0_1209,27,8,UTF-8,nginx,NA,US,WA,11-11-2015 00:00,13-03-2017 00:00,0,0,0,0,0,0,0,0,0,0,0
B0_1353,27,6,us-ascii,Microsoft-HTTPAPI/2.0,324,US,CO,22-03-2017 00:00,23-03-2017 00:00,0,0,0,0,0,0,0,0,0,0,0
B0_2085,27,6,utf-8,openresty/1.11.2.1,NA,US,TEXAS,03-11-2009 00:00,04-03-2017 00:00,3,3,1,366,3,5,306,366,3,0,0
B0_362,27,6,UTF-8,Apache/2.2.15 (CentOS),NA,AU,Queensland,19-07-2010 20:03,20-09-2016 13:11,40,13,14,3781,46,44,34101,4253,46,6,0
B0_453,27,6,UTF-8,Apache/2.4.25,7967,None,None,28-04-1997 00:00,24-04-2017 00:00,6,0,4,631,8,11,812,787,8,2,0
B0_966,27,7,ISO-8859-1,Apache,11506,US,FL,04-03-1996 00:00,07-01-2015 00:00,0,0,0,0,0,0,0,0,0,0,0
M0_21,28,9,UTF-8,Apache/2.2.15 (CentOS),NA,RU,MOSCOW,24-10-2007 00:00,22-10-2016 00:00,5,0,1,592,7,9,1062,732,7,2,1
M0_94,28,7,us-ascii,Microsoft-HTTPAPI/2.0,324,US,FL,21-10-2004 00:00,14-10-2014 00:00,5,0,2,556,9,9,1154,860,9,4,1
B0_1020,28,8,utf-8,nginx,39036,[u'GB'; u'UK'],UK,2002-03-20T23:59:59.0Z,2017-03-07T22:02:38.0Z,0,0,0,0,0,0,0,0,0,0,0
B0_1038,28,6,ISO-8859-1,None,NA,US,CA,29-03-1997 00:00,29-11-2016 00:00,0,0,0,0,0,0,0,0,0,0,0
B0_1357,28,7,iso-8859-1,Apache,NA,FR,None,10-06-2008 00:00,09-06-2016 00:00,0,0,0,0,0,0,0,0,0,0,0
B0_1413,28,7,ISO-8859-1,cloudflare-nginx,NA,NL,P,30-11-1999 00:00,06-03-2017 00:00,0,0,0,0,0,0,0,0,0,0,0
B0_2061,28,7,us-ascii,None,NA,US,NH,30-08-2004 00:00,18-08-2016 00:00,6,4,3,552,6,8,612,552,6,0,0
B0_2182,28,7,ISO-8859-1,cloudflare-nginx,NA,NL,P,30-11-1999 00:00,06-03-2017 00:00,8,4,6,696,8,10,634,696,8,0,0
B0_2228,28,6,us-ascii,Microsoft-IIS/7.5,324,US,Pennsylvania,11-11-1996 00:00,27-04-2015 00:00,5,3,3,474,5,6,364,474,5,0,0
B0_229,28,7,utf-8,Apache,8578,CA,ON,02-10-1995 04:00,30-09-2016 09:12,21,7,5,2830,29,25,6137,3400,29,8,0
B0_2309,28,6,UTF-8,Apache,10576,IN,UTTAR PRADESH,28-06-2011 00:00,02-03-2017 00:00,14,9,2,2094,14,12,8019,2094,14,0,0
B0_310,28,7,us-ascii,Microsoft-IIS/7.5,324,None,None,16-08-2016 00:00,26-03-2017 00:00,17,1,7,1848,23,24,2167,2322,23,6,0
B0_332,28,7,UTF-8,Apache/2.4.25 (Amazon) PHP/7.0.14,12846,US,NC,09-05-2000 17:31,11-10-2016 00:20,17,12,3,2314,23,27,21419,2740,23,6,0
B0_438,28,7,UTF-8,GSE,6666,US,CA,31-07-2000 00:00,29-06-2016 00:00,66,5,11,6311,70,64,63634,6633,70,4,0
B0_563,28,6,iso-8859-1,Apache/2.4.23 (Unix) OpenSSL/0.9.8e-fips-rhel5 mod_bwlimited/1.4,445,US,FL,14-05-1999 00:00,02-04-2014 00:00,28,5,8,2324,30,33,24662,2482,30,2,0
B0_638,28,8,UTF-8,Apache,NA,US,Arizona,24-04-2009 00:00,18-03-2017 00:00,6,0,3,632,8,8,593,776,8,2,0
B0_695,28,7,us-ascii,Microsoft-HTTPAPI/2.0,324,None,None,None,None,33,26,4,3590,39,48,30057,4064,39,6,0
B0_835,28,6,utf-8,Pepyaka/1.11.3,NA,US,NY,06-08-1998 00:00,07-11-2014 00:00,0,0,0,0,0,0,0,0,0,0,0
B0_96,28,6,utf-8,None,NA,US,CA,22-02-1996 00:00,16-01-2015 00:00,26,19,3,2632,30,36,27404,2916,30,4,0
B0_981,28,6,UTF-8,nginx,18438,US,California,15-06-2007 00:00,12-05-2015 00:00,0,0,0,0,0,0,0,0,0,0,0
M0_106,29,7,ISO-8859-1,Apache,7314,US,MD,21-09-2009 00:00,09-08-2016 00:00,34,0,2,2934,40,40,34995,3416,40,6,1
M0_74,29,7,us-ascii,Microsoft-HTTPAPI/2.0,324,UG,kireka,09-04-2002 00:00,18-04-2017 00:00,5,0,2,593,7,8,1128,751,7,2,1
B0_1044,29,6,ISO-8859-1,Apache,NA,US,CA,22-04-1997 00:00,22-02-2017 00:00,0,0,0,0,0,0,0,0,0,0,0
B0_1051,29,6,None,tsa_c,0,US,CA,21-01-2000 00:00,08-11-2016 00:00,0,0,0,0,0,0,0,0,0,0,0
B0_1095,29,8,ISO-8859-1,Apache,9136,US,CA,20-01-1995 00:00,22-11-2016 00:00,0,0,0,0,0,0,0,0,0,0,0
B0_1096,29,6,UTF-8,Apache,5019,US,IL,28-03-2006 00:00,24-02-2017 00:00,0,0,0,0,0,0,0,0,0,0,0
B0_1117,29,7,utf-8,nginx,NA,US,NY,23-03-1995 00:00,03-03-2017 00:00,0,0,0,0,0,0,0,0,0,0,0
B0_1154,29,6,iso-8859-1,Apache/2.4.25 (Amazon) OpenSSL/1.0.1k-fips,210,US,Missouri,28-09-2007 16:06,28-03-2017 18:24,0,0,0,0,0,0,0,0,0,0,0
B0_1287,29,6,UTF-8,Apache/2.2.22 (Debian),8654,JP,Osaka,04-02-2017 00:00,04-02-2017 00:00,0,0,0,0,0,0,0,0,0,0,0
B0_1408,29,7,iso-8859-1,Apache/2.2.22 (Ubuntu),238,CA,QC,07-03-1996 00:00,09-03-2017 00:00,0,0,0,0,0,0,0,0,0,0,0
B0_170,29,6,ISO-8859-1,Apache,26856,None,None,04-04-2003 00:00,05-04-2017 00:00,26,6,5,2519,30,30,22379,2851,30,4,0
B0_2024,29,6,us-ascii,Microsoft-HTTPAPI/2.0,324,US,Michigan,26-08-2015 00:00,26-08-2016 00:00,12,8,6,900,12,9,568,900,12,0,0
B0_2089,29,7,UTF-8,Apache/2.2.22,NA,CA,AB,22-07-2004 00:00,23-06-2016 00:00,709,708,3,2362906,709,837,83056,2362906,709,0,0
B0_2123,29,6,UTF-8,Apache,10210,US,CA,30-11-2004 00:00,07-03-2017 00:00,5,4,2,486,5,7,542,486,5,0,0
B0_2128,29,6,ISO-8859-1,Apache,13684,US,Maryland,05-03-2008 00:00,14-04-2016 00:00,15,8,7,1134,15,9,605,1134,15,0,0
B0_2166,29,6,us-ascii,None,324,CA,Ontario,08-05-2003 00:00,09-05-2016 00:00,3,3,1,366,3,5,306,366,3,0,0
B0_2242,29,6,iso-8859-1,nginx/1.12.0,770,US,South Carolina,02-11-2010 21:52,20-10-2015 23:34,5,3,3,486,5,7,436,486,5,0,0
B0_2266,29,8,UTF-8,Apache/2.4.25,6813,US,Texas,23-05-2006 00:00,13-07-2016 00:00,17,9,10,1249,17,15,1062,1249,17,0,0
B0_259,29,6,us-ascii,Microsoft-HTTPAPI/2.0,324,None,None,02-07-1998 00:00,05-07-2016 00:00,34,9,6,2861,38,26,15260,3229,38,4,0
B0_44,29,6,ISO-8859-1,None,34,US,California,02-12-1998 00:00,02-12-2016 00:00,10,2,9,612,12,14,918,772,12,2,0
B0_448,29,7,ISO-8859-1,Apache,NA,US,CA,22-04-1997 00:00,22-02-2017 00:00,32,21,8,4561,38,36,10429,4997,38,6,0
B0_499,29,8,UTF-8,GSE,20404,US,CA,31-07-2000 00:00,29-06-2016 00:00,33,6,5,3533,37,35,46688,3859,37,4,0
B0_626,29,8,UTF-8,Tengine,NA,CN,Zhejiang,15-04-1999 00:00,20-06-2012 00:00,28,0,5,3183,36,33,24455,3777,36,8,0
B0_642,29,6,UTF-8,Apache/2.4.18 (Unix) OpenSSL/0.9.8e-fips-rhel5 mod_bwlimited/1.4,7159,US,Arizona,30-05-2003 00:00,10-07-2015 00:00,21,6,11,1515,23,18,1334,1675,23,2,0
B0_726,29,6,utf-8,Apache/2.2.15 (CentOS),NA,US,New Mexico,10-01-2002 00:57,26-02-2014 23:35,24,1,3,2195,29,30,55576,2515,29,4,0
B0_887,29,6,iso-8859-1,Apache,388,US,New York,17-03-2006 00:00,14-08-2013 00:00,0,0,0,0,0,0,0,0,0,0,0
B0_894,29,6,ISO-8859-1,Apache/2,199,None,None,01-03-1999 00:00,07-03-2013 00:00,0,0,0,0,0,0,0,0,0,0,0
B0_920,29,8,us-ascii,Microsoft-HTTPAPI/2.0,324,AU,QLD,01-07-2015 00:00,04-03-2016 00:00,0,0,0,0,0,0,0,0,0,0,0
B0_942,29,6,ISO-8859-1,nginx/1.12.0,NA,CA,ON,22-01-2006 00:00,22-01-2017 00:00,0,0,0,0,0,0,0,0,0,0,0
B0_978,29,6,utf-8,None,NA,US,CA,22-02-1996 00:00,16-01-2015 00:00,0,0,0,0,0,0,0,0,0,0,0
M0_112,30,8,iso-8859-1,Apache,177,None,None,None,None,7,0,2,666,9,9,1094,826,9,2,1
B0_1052,30,6,utf-8,Apache/2.4.10 (Debian),NA,SE,None,06-03-1996 05:00,28-10-2013 10:54,0,0,0,0,0,0,0,0,0,0,0
B0_1388,30,6,iso-8859-1,Apache/2.4.6 (CentOS) PHP/5.6.8,199,US,MA,08-02-2013 00:00,15-03-2017 00:00,0,0,0,0,0,0,0,0,0,0,0
B0_160,30,7,utf-8,nginx,NA,US,NY,23-03-1995 00:00,03-03-2017 00:00,14,9,3,1918,18,17,5546,2182,18,4,0
B0_169,30,6,ISO-8859-1,None,NA,US,CA,29-03-1997 00:00,29-11-2016 00:00,62,52,12,8974,76,69,30726,10006,76,14,0
B0_209,30,6,ISO-8859-1,Apache,NA,US,CA,22-04-1997 00:00,22-02-2017 00:00,22,17,2,3914,28,27,9833,4350,28,6,0
B0_2097,30,6,ISO-8859-1,Sun-ONE-Web-Server/6.1,NA,None,None,15-04-2003 00:00,19-02-2016 00:00,18,17,5,1188,18,19,1451,1188,18,0,0
B0_2206,30,6,None,Apache/2.4.18 (Unix) OpenSSL/1.0.2e Communique/4.1.10,NA,US,WI,24-10-1996 00:00,19-10-2016 00:00,6,4,4,552,6,9,564,552,6,0,0
B0_2282,30,6,UTF-8,Apache,14703,US,Texas,04-08-1998 00:00,04-09-2013 00:00,2,2,1,276,2,4,250,276,2,0,0
B0_330,30,6,UTF-8,nginx,8751,US,FL,30-04-2016 00:00,04-10-2016 00:00,15,2,6,1528,19,17,5586,1860,19,4,0
B0_348,30,6,us-ascii,Microsoft-HTTPAPI/2.0,324,US,NJ,30-12-1999 00:00,08-01-2016 00:00,90,6,14,8646,92,100,95659,8808,92,2,0
B0_369,30,7,ISO-8859-1,Apache,NA,US,CA,22-04-1997 00:00,22-02-2017 00:00,31,26,2,4412,37,37,27412,4848,37,6,0
B0_560,30,6,utf-8,None,NA,US,CA,22-02-1996 00:00,16-01-2015 00:00,31,23,3,3605,39,41,34388,4183,39,8,0
B0_639,30,6,ISO-8859-1,None,NA,US,CA,29-03-1997 00:00,29-11-2016 00:00,76,47,12,9007,88,44,23985,9891,88,12,0
B0_711,30,7,utf-8,AmazonS3,350,US,Arizona,13-07-2001 00:00,26-04-2015 00:00,23,1,10,1902,27,26,2764,2194,27,4,0
B0_73,30,7,ISO-8859-1,Apache/1.3.37 (Unix) mod_perl/1.29 mod_ssl/2.8.28 OpenSSL/0.9.7e-p1,NA,US,GA,29-05-1996 00:00,21-03-2017 00:00,48,3,6,3418,52,48,57377,3706,52,4,0
B0_824,30,8,UTF-8,cloudflare-nginx,NA,US,CA,25-02-2004 00:00,16-01-2016 00:00,0,0,0,0,0,0,0,0,0,0,0
B0_891,30,6,utf-8,None,NA,US,CA,22-02-1996 00:00,16-01-2015 00:00,0,0,0,0,0,0,0,0,0,0,0
B0_931,30,7,ISO-8859-1,Apache,NA,US,CA,22-04-1997 00:00,22-02-2017 00:00,0,0,0,0,0,0,0,0,0,0,0
M0_73,31,7,us-ascii,Microsoft-IIS/7.5,324,US,CA,09-04-2002 00:00,20-03-2017 00:00,7,0,2,707,11,11,1018,1031,11,4,1
B0_1028,31,8,utf-8,ATS,604,US,CA,18-01-1995 00:00,26-08-2015 00:00,0,0,0,0,0,0,0,0,0,0,0
B0_1114,31,7,iso-8859-1,Apache/2.2.27 (CentOS),287,None,None,25-10-2014 00:00,26-10-2016 00:00,0,0,0,0,0,0,0,0,0,0,0
B0_1127,31,7,ISO-8859-1,Apache,NA,US,CA,22-04-1997 00:00,22-02-2017 00:00,0,0,0,0,0,0,0,0,0,0,0
B0_1241,31,8,utf-8,Apache,65815,US,MO,20-05-1996 00:00,24-10-2016 00:00,0,0,0,0,0,0,0,0,0,0,0
B0_140,31,6,ISO-8859-1,None,NA,US,CA,29-03-1997 00:00,29-11-2016 00:00,65,53,14,8568,77,70,26049,9452,77,12,0
B0_2158,31,6,UTF-8,Apache/2.2.29 (Unix) mod_ssl/2.2.29 OpenSSL/1.0.1e-fips DAV/2 mod_bwlimited/1.4,NA,None,None,14-07-2000 00:00,22-03-2017 00:00,9,3,7,738,9,12,766,738,9,0,0
B0_2278,31,7,utf-8,CherryPy/3.6.0,4075,CA,ON,01-12-1996 05:00,30-11-2016 10:30,4,3,2,432,4,6,372,432,4,0,0
B0_263,31,8,iso-8859-1,Apache/2.2.15 (CentOS),287,IN,HR,11-11-2000 00:00,03-05-2012 00:00,5,0,1,593,9,9,955,929,9,4,0
B0_501,31,7,utf-8,nginx,NA,US,NY,23-03-1995 00:00,03-03-2017 00:00,28,13,13,2773,32,32,6566,3037,32,4,0
B0_504,31,7,UTF-8,Apache/2.2.15 (Red Hat),5132,US,FL,04-09-2004 00:00,24-08-2016 00:00,27,0,3,2743,33,33,43878,3181,33,6,0
B0_597,31,6,us-ascii,Microsoft-IIS/7.5,324,US,Missouri,09-09-2005 13:44,10-09-2016 13:29,23,1,4,2262,29,28,16553,2736,29,6,0
B0_65,31,6,us-ascii,Microsoft-HTTPAPI/2.0,324,None,None,None,None,18,14,3,2201,22,23,7756,2543,22,4,0
B0_658,31,6,ISO-8859-1,Apache,NA,None,None,22-04-1997 00:00,22-02-2017 00:00,23,17,3,3981,29,27,9867,4417,29,6,0
B0_698,31,8,us-ascii,Microsoft-HTTPAPI/2.0,324,US,FL,07-08-1996 00:00,14-05-2015 00:00,103,0,3,7073,105,113,179439,7217,105,2,0
B0_705,31,6,UTF-8,Apache,NA,US,MD,30-12-2005 00:00,05-11-2015 00:00,13,8,8,1355,16,16,1145,1519,16,2,0
B0_761,31,7,ISO-8859-1,None,NA,US,CA,29-03-1997 00:00,29-11-2016 00:00,57,45,12,8136,69,64,25686,9020,69,12,0
B0_850,31,7,utf-8,Apache,22004,US,CA,04-04-2006 00:00,03-03-2017 00:00,0,0,0,0,0,0,0,0,0,0,0
B0_945,31,6,ISO-8859-1,Apache,NA,US,CA,22-04-1997 00:00,22-02-2017 00:00,0,0,0,0,0,0,0,0,0,0,0
B0_992,31,7,iso-8859-1,Apache/2,345,US,Texas,25-05-2000 00:00,24-05-2016 00:00,0,0,0,0,0,0,0,0,0,0,0
M0_136,32,11,UTF-8,nginx,643,None,None,None,None,22,1,5,2783,30,26,3824,3367,30,8,1
M0_140,32,9,UTF-8,nginx,637,None,None,None,None,14,1,4,1457,20,16,3229,1881,20,6,1
B0_1175,32,8,UTF-8,Server,NA,US,WA,05-01-1996 00:00,05-05-2016 00:00,0,0,0,0,0,0,0,0,0,0,0
B0_1181,32,6,ISO-8859-1,None,34,US,Missouri,09-07-2008 00:00,14-07-2008 00:00,0,0,0,0,0,0,0,0,0,0,0
B0_1222,32,8,UTF-8,Server,NA,US,WA,05-01-1996 00:00,05-05-2016 00:00,0,0,0,0,0,0,0,0,0,0,0
B0_128,32,9,utf-8,KHL,420762,None,None,10-05-2006 20:00,None,17,5,8,1314,19,26,1881,1452,19,2,0
B0_1341,32,8,ISO-8859-1,Apache,1399,US,CA,29-07-2006 00:00,07-08-2015 00:00,0,0,0,0,0,0,0,0,0,0,0
B0_1372,32,6,UTF-8,Apache,NA,CA,ab,27-09-2010 00:00,28-09-2016 00:00,0,0,0,0,0,0,0,0,0,0,0
B0_1381,32,7,UTF-8,nginx,NA,US,NY,31-10-2008 00:00,01-12-2016 00:00,0,0,0,0,0,0,0,0,0,0,0
B0_14,32,7,UTF-8,nginx,NA,US,CA,03-03-2000 00:00,12-01-2017 00:00,14,10,2,2000,20,20,9588,2498,20,6,0
B0_165,32,7,ISO-8859-1,None,NA,US,CA,29-03-1997 00:00,29-11-2016 00:00,49,42,5,7613,61,52,24774,8497,61,12,0
B0_176,32,8,UTF-8,Apache,NA,None,None,02-04-2008 00:00,23-01-2017 00:00,24,0,4,2176,28,29,17335,2456,28,4,0
B0_2015,32,6,utf-8,None,NA,None,None,22-02-1996 00:00,16-01-2015 00:00,4,3,2,432,4,5,310,432,4,0,0
B0_2095,32,8,utf-8,Microsoft-IIS/7.5,328,UK,Greater London,06-09-2016 00:00,12-03-2017 00:00,5,3,2,474,5,7,426,474,5,0,0
B0_218,32,7,UTF-8,Apache,NA,US,Illinois,11-02-1997 00:00,10-09-2012 00:00,94,0,4,11902,102,121,173484,12492,102,8,0
B0_2229,32,8,us-ascii,Microsoft-HTTPAPI/2.0,324,None,None,06-08-1995 00:00,24-07-2012 00:00,11,10,6,798,11,15,1124,798,11,0,0
B0_2271,32,6,iso-8859-1,Apache/2.4.6 (CentOS) OpenSSL/1.0.1e-fips mod_fcgid/2.3.9 PHP/5.4.16 mod_jk/1.2.40,199,US,Kansas,23-10-2008 00:00,03-03-2017 00:00,6,3,4,564,6,7,442,564,6,0,0
B0_254,32,8,iso-8859-1,Apache,334,SI,--,19-02-2009 00:00,22-12-2015 00:00,8,1,4,816,10,13,1541,958,10,2,0
B0_303,32,7,iso-8859-1,Apache/2.2.3 (CentOS),287,US,MO,30-08-1998 00:00,22-12-2016 00:00,71,0,3,10999,73,70,88707,11147,73,2,0
B0_40,32,7,utf-8,Apache,20212,US,CA,04-04-2006 00:00,03-03-2017 00:00,43,26,14,4214,49,28,9246,4650,49,6,0
B0_400,32,8,UTF-8,Server,NA,US,WA,05-01-1996 00:00,05-05-2016 00:00,36,0,2,3185,40,40,50608,3465,40,4,0
B0_437,32,8,UTF-8,Server,NA,US,WA,05-01-1996 00:00,05-05-2016 00:00,24,2,4,1888,28,25,40314,2168,28,4,0
B0_491,32,7,utf-8,None,NA,None,None,14-12-2006 00:00,13-12-2016 00:00,7,0,3,734,11,12,7145,1060,11,4,0
B0_507,32,7,UTF-8,GSE,11827,US,CA,31-07-2000 00:00,29-06-2016 00:00,38,2,5,4607,42,35,58676,4945,42,4,0
B0_582,32,8,ISO-8859-1,nginx/1.12.0,1108,US,California,22-03-2005 03:36,22-03-2017 03:37,13,0,2,2065,17,16,7280,2349,17,4,0
B0_937,32,7,us-ascii,None,324,US,Arizona,26-06-2009 00:00,29-03-2017 00:00,0,0,0,0,0,0,0,0,0,0,0
M0_122,33,11,UTF-8,nginx,646,None,None,None,None,13,1,5,1497,17,14,2116,1787,17,4,1
M0_125,33,9,UTF-8,nginx,637,None,None,None,None,23,1,5,2851,31,26,3814,3431,31,8,1
M0_138,33,9,UTF-8,nginx,640,None,None,None,None,18,1,5,2147,24,20,2848,2577,24,6,1
M0_142,33,9,UTF-8,nginx,643,None,None,None,None,4,0,4,264,4,6,388,264,4,0,1
M0_59,33,9,UTF-8,nginx,NA,None,None,09-02-2000 14:17,None,14,1,8,1151,18,15,1211,1445,18,4,1
M0_96,33,11,utf-8,nginx,NA,None,None,08-06-2007 00:00,18-09-2012 00:00,8,0,2,1045,12,11,1362,1333,12,4,1
B0_1068,33,7,utf-8,cloudflare-nginx,NA,US,NY,01-11-1994 00:00,27-10-2015 00:00,0,0,0,0,0,0,0,0,0,0,0
B0_1101,33,8,UTF-8,Server,NA,US,WA,05-01-1996 00:00,05-05-2016 00:00,0,0,0,0,0,0,0,0,0,0,0
B0_1141,33,8,UTF-8,Server,NA,US,WA,05-01-1996 00:00,05-05-2016 00:00,0,0,0,0,0,0,0,0,0,0,0
B0_1190,33,6,utf-8,None,NA,US,CA,22-02-1996 00:00,16-01-2015 00:00,0,0,0,0,0,0,0,0,0,0,0
B0_1239,33,6,iso-8859-1,Apache,NA,JP,Fukuoka,08-08-2013 00:00,26-07-2016 00:00,0,0,0,0,0,0,0,0,0,0,0
B0_1288,33,6,utf-8,Apache/2.4,19890,CA,BC,20-04-2000 00:00,25-04-2017 00:00,0,0,0,0,0,0,0,0,0,0,0
B0_1350,33,8,utf-8,nginx/1.10.1 + Phusion Passenger 5.0.30,NA,US,California,21-02-1995 00:00,19-02-2017 00:00,0,0,0,0,0,0,0,0,0,0,0
B0_1390,33,9,utf-8,None,18302,US,CA,29-05-1996 00:00,26-04-2016 00:00,0,0,0,0,0,0,0,0,0,0,0
B0_1419,33,7,iso-8859-1,Apache,318,JP,Osaka,12-11-2016 00:00,16-11-2016 00:00,0,0,0,0,0,0,0,0,0,0,0
B0_163,33,8,UTF-8,Server,NA,US,WA,05-01-1996 00:00,05-05-2016 00:00,52,7,8,3438,56,51,46498,3718,56,4,0
B0_2100,33,7,iso-8859-1,Apache/1.3.27 (Unix)  (Red-Hat/Linux) mod_perl/1.26 PHP/4.3.3 FrontPage/5.0.2 mod_ssl/2.8.12 OpenSSL/0.9.6b,NA,None,None,08-02-2000 00:00,31-10-2016 00:00,4,3,2,420,4,5,304,420,4,0,0
B0_2126,33,6,utf-8,Apache,NA,US,Texas,25-09-2003 00:00,18-07-2014 00:00,7,5,4,606,7,6,474,606,7,0,0
B0_215,33,8,UTF-8,mw2114.codfw.wmnet,NA,US,CA,13-01-2001 00:12,12-12-2015 10:16,32,11,6,3694,40,32,11543,4286,40,8,0
B0_2155,33,7,UTF-8,GSE,60722,US,CA,31-07-2000 00:00,29-06-2016 00:00,4,2,3,408,4,6,382,408,4,0,0
B0_2205,33,6,UTF-8,Apache/2.2.31 (Unix) mod_ssl/2.2.31 OpenSSL/1.0.1e-fips mod_bwlimited/1.4 mod_perl/2.0.8 Perl/v5.10.1,NA,US,Arizona,10-05-2002 00:00,27-07-2016 00:00,8,4,5,660,8,9,556,660,8,0,0
B0_2219,33,6,ISO-8859-1,Apache/1.3.34 (Unix) PHP/4.4.4,NA,US,FL,07-06-2005 00:00,23-05-2016 00:00,5,4,2,486,5,7,542,486,5,0,0
B0_2289,33,8,UTF-8,Server,NA,US,WA,05-01-1996 00:00,05-05-2016 00:00,10,4,4,816,10,6,476,816,10,0,0
B0_312,33,6,UTF-8,Microsoft-IIS/7.5,39,US,AL,19-08-2012 00:00,24-06-2016 00:00,24,1,4,3375,28,30,18396,3703,28,4,0
B0_570,33,8,UTF-8,Apache/2.2.31 (Amazon),1371,IL,None,28-04-2003 00:00,29-04-2017 00:00,19,0,3,2042,27,27,4760,2622,27,8,0
B0_652,33,7,UTF-8,Jetty(9.0.z-SNAPSHOT),NA,US,NY,12-03-1999 00:00,16-11-2016 00:00,105,98,7,8692,111,130,179133,9172,111,6,0
B0_783,33,6,ISO-8859-1,Apache,NA,US,CA,22-04-1997 00:00,22-02-2017 00:00,0,0,0,0,0,0,0,0,0,0,0
M0_130,34,11,UTF-8,nginx,655,None,None,None,None,27,5,8,2721,35,27,3896,3313,35,8,1
M0_159,34,11,UTF-8,nginx,649,None,None,None,None,15,1,5,1632,21,18,2661,2068,21,6,1
M0_166,34,9,ISO-8859-1,cloudflare-nginx,NA,ru,Krasnoyarsk,30-03-2011 00:00,28-04-2017 00:00,26,0,3,3569,32,31,10750,4037,32,6,1
M0_180,34,9,iso-8859-1,Apache,214,None,None,None,None,9,0,4,850,11,14,1382,990,11,2,1
B0_1036,34,6,UTF-8,nginx/1.12.0,18298,US,MAINE,14-01-2008 00:00,14-01-2017 00:00,0,0,0,0,0,0,0,0,0,0,0
B0_1054,34,7,us-ascii,Microsoft-HTTPAPI/2.0,324,GB,None,26-03-2000 00:00,26-10-2016 00:00,0,0,0,0,0,0,0,0,0,0,0
B0_1087,34,7,ISO-8859-1,None,1819,US,CA,02-11-2002 00:00,02-02-2017 00:00,0,0,0,0,0,0,0,0,0,0,0
B0_110,34,7,ISO-8859-1,None,1819,US,CA,02-11-2002 00:00,02-02-2017 00:00,33,27,2,5235,41,40,14571,5835,41,8,0
B0_1207,34,8,utf-8,nginx/1.10.1 + Phusion Passenger 5.0.30,NA,US,California,21-02-1995 00:00,19-02-2017 00:00,0,0,0,0,0,0,0,0,0,0,0
B0_1337,34,6,utf-8,None,NA,US,CA,22-02-1996 00:00,16-01-2015 00:00,0,0,0,0,0,0,0,0,0,0,0
B0_1342,34,7,ISO-8859-1,Apache/2.2.31 (CentOS),NA,CA,ALBERTA,10-04-2010 00:00,10-04-2017 00:00,0,0,0,0,0,0,0,0,0,0,0
B0_1382,34,7,UTF-8,nginx,NA,US,CA,03-03-2000 00:00,12-01-2017 00:00,0,0,0,0,0,0,0,0,0,0,0
B0_2098,34,7,utf-8,Apache/2.4.10 (Debian),6474,US,Virginia,06-05-2010 16:44,20-09-2013 15:03,6,3,4,552,6,9,564,552,6,0,0
B0_2104,34,7,utf-8,nginx,NA,CA,ON,17-08-1999 12:43,21-04-2017 16:47,8,6,5,696,8,10,636,696,8,0,0
B0_2124,34,6,utf-8,None,NA,None,None,22-02-1996 00:00,16-01-2015 00:00,34,9,9,2412,34,7,442,2412,34,0,0
B0_2125,34,7,UTF-8,cloudflare-nginx,NA,IN,MH,04-10-2006 00:00,04-10-2016 00:00,3,3,1,366,3,5,306,366,3,0,0
B0_2142,34,9,ISO-8859-1,Apache,1486,GB,None,09-03-2007 00:00,03-03-2015 00:00,5,3,2,498,5,5,306,498,5,0,0
B0_2221,34,9,UTF-8,Apache/2.4.12 (Ubuntu),10892,None,None,31-05-1996 00:00,15-04-2016 00:00,3,3,1,366,3,4,244,366,3,0,0
B0_2320,34,9,ISO-8859-1,HTTPDaemon,NA,US,WA,05-01-1996 00:00,05-05-2016 00:00,4,3,2,432,4,5,310,432,4,0,0
B0_322,34,8,utf-8,Apache/2.2.31 (Amazon),7255,None,None,29-07-2004 00:00,03-01-2016 00:00,17,1,2,1661,23,26,10015,2167,23,6,0
B0_460,34,7,UTF-8,GSE,6608,US,CA,31-07-2000 00:00,29-06-2016 00:00,42,0,3,4895,46,45,39544,5241,46,4,0
B0_493,34,6,utf-8,None,NA,US,CA,22-02-1996 00:00,16-01-2015 00:00,34,25,9,3787,42,42,33677,4365,42,8,0
B0_586,34,9,ISO-8859-1,Apache/2.2.29 (Unix) mod_ssl/2.2.29 OpenSSL/1.0.1e-fips mod_bwlimited/1.4,111,US,California,17-01-2005 00:00,18-01-2017 00:00,21,0,5,2292,23,24,16147,2450,23,2,0
B0_688,34,6,ISO-8859-1,Apache,NA,US,CA,22-04-1997 00:00,22-02-2017 00:00,24,20,2,4372,31,33,13095,4808,31,6,0
B0_746,34,8,ISO-8859-1,nginx,996,US,CA,01-06-2005 00:00,09-09-2016 00:00,7,0,2,716,11,10,1979,1030,11,4,0
B0_760,34,7,ISO-8859-1,nginx,1501,US,New York,22-12-1999 00:00,24-05-2012 00:00,23,3,11,2042,29,29,7939,2520,29,6,0
B0_864,34,7,utf-8,MediaFire,NA,US,Texas,11-08-2002 00:00,04-07-2016 00:00,0,0,0,0,0,0,0,0,0,0,0
B0_897,34,7,ISO-8859-1,Apache,NA,US,CA,22-04-1997 00:00,22-02-2017 00:00,0,0,0,0,0,0,0,0,0,0,0
B0_961,34,6,us-ascii,Microsoft-IIS/7.5,324,US,Arizona,17-11-2003 00:00,11-11-2016 00:00,0,0,0,0,0,0,0,0,0,0,0
M0_107,35,9,ISO-8859-1,Apache,7314,None,None,21-09-2009 00:00,09-08-2016 00:00,39,0,3,3240,45,45,35301,3722,45,6,1
M0_108,35,9,ISO-8859-1,Apache,7314,None,None,21-09-2009 00:00,09-08-2016 00:00,39,0,2,3240,45,45,35301,3722,45,6,1
M0_110,35,11,UTF-8,Apache,NA,CA,ON,14-08-2008 00:00,09-08-2016 00:00,18,0,2,2102,20,21,20976,2252,20,2,1
M0_123,35,11,UTF-8,nginx,652,None,None,None,None,15,1,5,1635,21,17,2640,2073,21,6,1
M0_124,35,11,UTF-8,nginx,652,None,None,None,None,21,1,5,2367,29,26,3801,2957,29,8,1
M0_127,35,9,UTF-8,nginx,646,None,None,None,None,12,1,5,1340,16,12,964,1622,16,4,1
M0_135,35,11,UTF-8,nginx,652,None,None,None,None,19,1,5,2223,25,20,2868,2661,25,6,1
M0_137,35,11,UTF-8,nginx,652,None,None,None,None,18,1,5,2157,24,22,2996,2595,24,6,1
M0_148,35,11,UTF-8,nginx,652,None,None,None,None,19,1,5,2223,25,22,2996,2661,25,6,1
M0_152,35,11,UTF-8,nginx,652,None,None,None,None,23,1,5,2864,31,25,3773,3454,31,8,1
M0_165,35,8,ISO-8859-1,cloudflare-nginx,NA,ru,Krasnoyarsk,22-08-2010 00:00,28-04-2017 00:00,15,1,2,1850,21,23,2970,2302,21,6,1
B0_1029,35,9,ISO-8859-1,DOSarrest,NA,KY,GRAND CAYMAN,08-07-1996 00:00,07-03-2017 00:00,0,0,0,0,0,0,0,0,0,0,0
B0_1148,35,8,UTF-8,mw2232.codfw.wmnet,4685,US,CA,13-01-2001 00:12,12-12-2015 10:16,0,0,0,0,0,0,0,0,0,0,0
B0_1299,35,8,utf-8,nginx/1.10.1 + Phusion Passenger 5.0.30,NA,US,California,21-02-1995 00:00,19-02-2017 00:00,0,0,0,0,0,0,0,0,0,0,0
B0_144,35,6,us-ascii,Microsoft-IIS/7.5,324,None,None,21-03-2014 00:00,22-03-2017 00:00,22,15,8,1527,24,25,1928,1699,24,2,0
B0_183,35,8,UTF-8,Server,NA,US,WA,05-01-1996 00:00,05-05-2016 00:00,21,1,4,2435,25,25,39924,2715,25,4,0
B0_194,35,9,us-ascii,Microsoft-HTTPAPI/2.0,324,US,CA,22-10-1998 00:00,16-03-2017 00:00,49,10,6,2961,53,61,38255,3261,53,4,0
B0_2026,35,9,utf-8,nginx,39362,[u'GB'; u'UK'],UK,2002-03-20T23:59:59.0Z,2017-03-07T22:02:38.0Z,4,3,2,420,4,4,244,420,4,0,0
B0_2067,35,7,utf-8,nginx,NA,US,NY,23-03-1995 00:00,03-03-2017 00:00,3,3,1,366,3,4,244,366,3,0,0
B0_2087,35,9,UTF-8,Apache,NA,US,Arizona,08-07-2010 00:00,24-04-2017 00:00,4,3,2,432,4,6,372,432,4,0,0
B0_2144,35,10,utf-8,ATS,NA,US,CA,18-01-1995 00:00,26-08-2015 00:00,10,9,4,756,10,12,861,756,10,0,0
B0_2156,35,7,UTF-8,Sucuri/Cloudproxy,14462,CA,ON,17-07-2009 00:00,07-07-2016 00:00,8,6,6,696,8,5,306,696,8,0,0
B0_2270,35,9,UTF-8,Apache,NA,None,None,None,None,4,4,2,432,4,6,372,432,4,0,0
B0_2295,35,8,UTF-8,Server,NA,US,WA,05-01-1996 00:00,05-05-2016 00:00,21,12,12,1446,21,24,1788,1446,21,0,0
B0_2319,35,7,iso-8859-1,Apache/2.4.23 (Unix),289,GB,None,24-05-2001 20:47,27-01-2017 00:20,5,4,3,474,5,6,364,474,5,0,0
B0_308,35,6,us-ascii,Microsoft-HTTPAPI/2.0,324,US,PA,27-06-2004 00:00,19-11-2012 00:00,23,8,5,3087,29,27,19078,3535,29,6,0
B0_337,35,7,UTF-8,GSE,38115,US,CA,31-07-2000 00:00,29-06-2016 00:00,45,3,7,3507,49,46,42286,3857,49,4,0
B0_385,35,8,UTF-8,Server,NA,US,WA,05-01-1996 00:00,05-05-2016 00:00,37,0,3,3263,43,42,52720,3697,43,6,0
B0_461,35,9,UTF-8,cloudflare-nginx,NA,None,None,04-03-2004 00:00,05-10-2015 00:00,12,2,6,1258,16,17,1862,1542,16,4,0
B0_573,35,9,ISO-8859-1,None,NA,US,CA,29-03-1997 00:00,29-11-2016 00:00,44,40,6,6945,56,51,26115,7849,56,12,0
B0_717,35,7,UTF-8,GSE,8813,US,CA,31-07-2000 00:00,29-06-2016 00:00,41,6,4,4769,45,42,69898,5119,45,4,0
B0_739,35,8,ISO-8859-1,Apache,1002,AT,Austria,01-06-2004 00:00,02-06-2016 00:00,32,5,8,2965,36,39,37146,3279,36,4,0
B0_807,35,7,utf-8,Apache,16875,US,NY,13-12-1995 00:00,10-11-2016 00:00,0,0,0,0,0,0,0,0,0,0,0
B0_82,35,8,UTF-8,Server,NA,US,WA,05-01-1996 00:00,05-05-2016 00:00,27,1,5,2771,31,33,36261,3051,31,4,0
B0_9,35,7,iso-8859-1,Apache,330,None,None,10-11-2000 00:00,19-02-2016 00:00,16,9,8,1275,18,23,2306,1423,18,2,0
B0_965,35,6,utf-8,None,NA,US,CA,22-02-1996 00:00,16-01-2015 00:00,0,0,0,0,0,0,0,0,0,0,0
B0_971,35,8,ISO-8859-1,Apache,1002,AT,Austria,01-06-2004 00:00,02-06-2016 00:00,0,0,0,0,0,0,0,0,0,0,0
M0_121,36,10,UTF-8,nginx,655,None,None,None,None,208,18,9,20074,228,216,270752,21646,228,20,1
M0_129,36,11,UTF-8,nginx,655,None,None,None,None,7,1,5,466,11,10,822,760,11,4,1
M0_131,36,11,UTF-8,nginx,655,None,None,None,None,17,1,7,1770,23,17,2579,2210,23,6,1
M0_133,36,9,UTF-8,nginx,646,None,None,None,None,11,1,4,1266,15,12,966,1554,15,4,1
M0_134,36,11,UTF-8,nginx,655,None,None,None,None,21,1,5,2359,29,23,3542,2951,29,8,1
M0_157,36,11,UTF-8,nginx,655,None,None,None,None,19,1,5,2227,27,23,3612,2819,27,8,1
M0_169,36,8,ISO-8859-1,cloudflare-nginx,NA,ru,Krasnoyarsk,22-08-2010 00:00,28-04-2017 00:00,6,0,4,372,8,10,703,520,8,2,1
B0_1042,36,8,ISO-8859-1,nginx,10133,US,CA,01-06-2005 00:00,09-09-2016 00:00,0,0,0,0,0,0,0,0,0,0,0
B0_1049,36,8,us-ascii,Microsoft-HTTPAPI/2.0,324,None,None,30-10-2003 00:00,10-09-2016 00:00,0,0,0,0,0,0,0,0,0,0,0
B0_1277,36,7,ISO-8859-1,nginx/1.12.0,NA,US,Kansas,09-05-1998 00:00,10-05-2016 00:00,0,0,0,0,0,0,0,0,0,0,0
B0_1306,36,6,ISO-8859-1,nginx/1.12.0,1108,US,CA,05-10-2006 00:00,04-03-2017 00:00,0,0,0,0,0,0,0,0,0,0,0
B0_1359,36,7,us-ascii,Microsoft-HTTPAPI/2.0,324,US,DE,14-10-2005 00:00,21-04-2017 00:00,0,0,0,0,0,0,0,0,0,0,0
B0_1363,36,7,ISO-8859-1,None,NA,US,CA,29-03-1997 00:00,29-11-2016 00:00,0,0,0,0,0,0,0,0,0,0,0
B0_197,36,8,ISO-8859-1,nginx,NA,CN,shandong,08-09-2003 00:00,24-10-2016 00:00,18,2,8,1432,20,27,2113,1572,20,2,0
B0_200,36,8,UTF-8,Apache,NA,JP,Osaka,13-07-2008 00:00,09-12-2015 00:00,14,10,6,1096,16,19,1294,1246,16,2,0
B0_2101,36,7,UTF-8,nginx,NA,US,CA,03-03-2000 00:00,12-01-2017 00:00,3,3,1,366,3,4,244,366,3,0,0
B0_2250,36,8,ISO-8859-1,nginx/0.7.65,NA,None,None,22-08-1996 00:00,18-08-2016 00:00,2,2,1,276,2,3,184,276,2,0,0
B0_2260,36,8,UTF-8,mw2260.codfw.wmnet,NA,US,CA,13-01-2001 00:12,12-12-2015 10:16,5,3,3,498,5,7,438,498,5,0,0
B0_2290,36,8,ISO-8859-1,Apache/2.2.32,NA,US,PA,01-05-2002 00:00,01-09-2012 00:00,5,3,2,474,5,5,306,474,5,0,0
B0_290,36,8,us-ascii,cloudflare-nginx,NA,None,None,10-06-2005 00:00,04-06-2015 00:00,18,2,6,1706,22,19,2165,1994,22,4,0
B0_305,36,7,utf-8,Apache,19879,US,CA,04-04-2006 00:00,03-03-2017 00:00,61,7,6,6100,65,79,123896,6388,65,4,0
B0_366,36,8,UTF-8,mw2239.codfw.wmnet,NA,US,CA,13-01-2001 00:12,12-12-2015 10:16,85,73,9,7506,91,96,107416,7962,91,6,0
B0_444,36,7,us-ascii,Microsoft-HTTPAPI/2.0,324,None,None,07-09-2000 00:00,08-12-2016 00:00,8,0,2,784,10,11,16959,958,10,2,0
B0_445,36,8,utf-8,DPS/1.1.8,NA,None,None,31-12-2015 00:00,25-12-2016 00:00,22,8,4,2680,28,19,7746,3172,28,6,0
B0_474,36,6,iso-8859-1,Apache/2.4.25 (Amazon) OpenSSL/1.0.1k-fips,210,None,None,08-12-2007 00:00,28-03-2017 00:00,3,0,1,466,5,6,668,640,5,2,0
B0_487,36,7,ISO-8859-1,cloudflare-nginx,3326,US,CA,06-04-2008 00:00,18-12-2014 00:00,14,7,5,1060,16,18,5214,1234,16,2,0
B0_60,36,7,iso-8859-1,Apache/2.0.52 (Red Hat),293,US,TX,16-07-1998 00:00,16-05-2016 00:00,12,0,4,1331,16,13,4860,1631,16,4,0
B0_69,36,7,iso-8859-1,Apache/2.2.22,231,None,None,09-02-2001 00:00,28-12-2016 00:00,7,0,2,730,9,11,1284,870,9,2,0
B0_701,36,7,UTF-8,Apache,11418,US,AZ,28-12-1999 00:00,28-12-2014 00:00,17,0,4,2319,21,21,14373,2615,21,4,0
B0_809,36,8,ISO-8859-1,Apache/2.2.25 (Unix) mod_ssl/2.2.25 OpenSSL/0.9.8e-fips-rhel5 mod_bwlimited/1.4,NA,None,None,21-01-2008 00:00,17-04-2016 00:00,0,0,0,0,0,0,0,0,0,0,0
B0_952,36,8,UTF-8,Apache,NA,UK,UK,27-02-1996 00:00,27-01-2016 00:00,0,0,0,0,0,0,0,0,0,0,0
B0_990,36,7,UTF-8,GSE,11692,US,CA,31-07-2000 00:00,29-06-2016 00:00,0,0,0,0,0,0,0,0,0,0,0
M0_101,37,10,UTF-8,Apache,NA,CZ,PRAHA,07-10-2006 00:00,07-03-2017 00:00,49,0,1,3505,51,53,66214,3657,51,2,1
M0_115,37,9,windows-1251,Apache/1.3.31 (Unix) PHP/4.3.9 mod_perl/1.29 rus/PL30.20,296,US,LA,18-12-2004 00:00,01-12-2016 00:00,2,0,2,128,4,5,407,276,4,2,1
M0_16,37,9,ISO-8859-1,nginx,162,CN,beijingshi,09-02-2009 00:00,27-04-2017 00:00,1,0,1,66,3,4,404,206,3,2,1
M0_176,37,11,ISO-8859-1,Apache,NA,None,None,04-11-1998 00:00,15-11-2016 00:00,44,2,10,5009,50,50,40316,5511,50,6,1
M0_179,37,10,ISO-8859-1,nginx,NA,CN,liaoningsheng,04-11-2016 00:00,08-11-2016 00:00,12,0,2,1961,16,14,2991,2245,16,4,1
M0_60,37,9,iso-8859-1,Apache,188,None,None,None,None,19,0,6,1525,21,13,1363,1667,21,2,1
B0_1008,37,7,utf-8,Apache/2.2.29 (Amazon),NA,CA,British Columbia,15-04-2004 00:00,22-02-2016 00:00,0,0,0,0,0,0,0,0,0,0,0
B0_1167,37,7,ISO-8859-1,Apache/2.2.13 (Unix) mod_ssl/2.2.13 OpenSSL/0.9.8e-fips-rhel5 mod_auth_passthrough/2.1 mod_bwlimited/1.4 PHP/5.2.10,6062,US,California,02-07-2010 00:00,25-04-2017 00:00,0,0,0,0,0,0,0,0,0,0,0
B0_1196,37,7,iso-8859-1,Apache/2.4.25 (Amazon) OpenSSL/1.0.1k-fips,219,US,Missouri,12-11-2007 20:49,28-03-2017 18:16,0,0,0,0,0,0,0,0,0,0,0
B0_1204,37,9,ISO-8859-1,Apache,1002,AT,Austria,01-06-2004 00:00,02-06-2016 00:00,0,0,0,0,0,0,0,0,0,0,0
B0_1219,37,10,utf-8,Apache,14109,US,California,22-02-2006 00:00,22-01-2017 00:00,0,0,0,0,0,0,0,0,0,0,0
B0_1316,37,8,us-ascii,Microsoft-HTTPAPI/2.0,324,US,North Carolina,05-06-2000 00:00,06-07-2015 00:00,0,0,0,0,0,0,0,0,0,0,0
B0_1398,37,9,utf-8,nginx/1.1.19,NA,US,CA,09-12-1996 00:00,09-10-2015 00:00,0,0,0,0,0,0,0,0,0,0,0
B0_1402,37,8,utf-8,cloudflare-nginx,NA,US,California,14-10-1999 00:00,20-11-2013 00:00,0,0,0,0,0,0,0,0,0,0,0
B0_2056,37,9,utf-8,Apache/2.2.22 (Ubuntu),8022,US,California,10-05-2006 23:10,11-05-2016 14:19,23,5,8,1674,23,11,696,1674,23,0,0
B0_2093,37,9,utf-8,nginx,32441,[u'GB'; u'UK'],UK,2002-03-20T23:59:59.0Z,2017-03-07T22:02:38.0Z,11,10,7,834,11,14,882,834,11,0,0
B0_2116,37,7,ISO-8859-1,ATS/5.3.0,7891,US,MA,22-02-2001 00:00,24-01-2017 00:00,6,5,2,540,6,8,535,540,6,0,0
B0_2143,37,8,ISO-8859-1,None,NA,US,CA,29-03-1997 00:00,29-11-2016 00:00,4,2,2,408,4,5,328,408,4,0,0
B0_2230,37,8,UTF-8,Apache,1840,US,CA,11-09-1997 04:00,09-12-2015 14:43,8,5,5,648,8,11,739,648,8,0,0
B0_2277,37,8,ISO-8859-1,Apache/2.2.3 (Red Hat),12768,None,None,16-10-2000 00:00,25-10-2016 00:00,6,4,3,540,6,6,474,540,6,0,0
B0_361,37,7,UTF-8,openresty,NA,US,NY,08-06-2006 00:00,21-04-2017 00:00,4,0,3,268,6,6,557,444,6,2,0
B0_386,37,9,iso-8859-1,Apache,NA,None,None,None,None,31,7,12,2531,37,35,14050,3005,37,6,0
B0_450,37,7,utf-8,None,NA,US,CA,22-02-1996 00:00,16-01-2015 00:00,27,23,1,3355,33,35,31623,3781,33,6,0
B0_457,37,8,UTF-8,nginx,NA,US,Arizona,18-04-2001 00:00,19-04-2017 00:00,44,0,4,3767,48,48,129181,4079,48,4,0
B0_476,37,8,ISO-8859-1,nginx,4297,US,OH,05-08-1993 00:00,01-07-2016 00:00,16,1,6,1607,22,18,1690,2055,22,6,0
B0_59,37,9,UTF-8,nginx,NA,PH,Manila,17-02-2011 00:00,18-02-2017 00:00,15,6,7,1283,17,15,2201,1425,17,2,0
B0_593,37,9,ISO-8859-1,None,NA,US,CA,24-10-1999 00:00,29-07-2016 00:00,21,0,4,1643,23,31,21144,1797,23,2,0
B0_646,37,8,utf-8,nginx/1.4.3,135444,US,NY,02-11-1996 00:00,26-11-2014 00:00,68,6,7,5207,70,88,247488,5345,70,2,0
B0_677,37,9,utf-8,ATS,616,US,CA,18-01-1995 00:00,26-08-2015 00:00,18,5,10,2248,26,28,3605,2890,26,8,0
B0_777,37,8,utf-8,Apache/2.2.29 (Unix) mod_ssl/2.2.29 OpenSSL/1.0.1e-fips mod_bwlimited/1.4 PHP/5.4.35,6944,US,Arizona,14-02-2000 00:00,14-02-2016 00:00,0,0,0,0,0,0,0,0,0,0,0
B0_946,37,8,ISO-8859-1,None,1819,US,CA,02-11-2002 00:00,02-02-2017 00:00,0,0,0,0,0,0,0,0,0,0,0
B0_947,37,7,UTF-8,GSE,7783,US,CA,31-07-2000 00:00,29-06-2016 00:00,0,0,0,0,0,0,0,0,0,0,0
M0_120,38,10,iso-8859-1,Apache/2,337,CA,ON,14-09-2009 08:39,06-09-2016 08:26,14,4,6,888,14,5,316,888,14,0,1
M0_151,38,11,UTF-8,nginx,661,None,None,None,None,22,1,5,2813,30,27,3916,3409,30,8,1
M0_42,38,9,ISO-8859-1,Apache/2.2.14 (FreeBSD) mod_ssl/2.2.14 OpenSSL/0.9.8y DAV/2 PHP/5.2.12 with Suhosin-Patch,2516,US,Utah,24-05-2000 00:00,25-05-2016 00:00,15,0,2,2342,21,15,7249,2806,21,6,1
M0_43,38,9,ISO-8859-1,Apache/2.2.14 (FreeBSD) mod_ssl/2.2.14 OpenSSL/0.9.8y DAV/2 PHP/5.2.12 with Suhosin-Patch,2516,US,Utah,24-05-2000 00:00,25-05-2016 00:00,19,1,3,2594,25,25,7997,3058,25,6,1
M0_90,38,10,iso-8859-1,nginx/1.8.0,215,None,None,18-07-2005 00:00,18-06-2016 00:00,7,0,2,734,9,9,1097,880,9,2,1
B0_1019,38,9,ISO-8859-1,Apache/2.2.14 (Unix) mod_ssl/2.2.14 OpenSSL/0.9.8e-fips-rhel5,4397,US,MA,28-10-1999 00:00,29-08-2016 00:00,0,0,0,0,0,0,0,0,0,0,0
B0_1030,38,8,ISO-8859-1,None,1819,US,CA,02-11-2002 00:00,02-02-2017 00:00,0,0,0,0,0,0,0,0,0,0,0
B0_109,38,8,ISO-8859-1,Apache/1.3.39 (Unix) PHP/5.2.5 mod_auth_passthrough/1.8 mod_bwlimited/1.4 mod_log_bytes/1.2 mod_gzip/1.3.26.1a FrontPage/5.0.2.2635 DAV/1.0.3 mod_ssl/2.8.30 OpenSSL/0.9.7a,NA,None,None,25-02-2006 00:00,26-02-2016 00:00,18,0,1,1458,20,20,19623,1616,20,2,0
B0_1100,38,8,UTF-8,cloudflare-nginx,NA,US,New York,12-06-2007 00:00,05-10-2016 00:00,0,0,0,0,0,0,0,0,0,0,0
B0_1224,38,8,utf-8,nginx,39740,[u'GB'; u'UK'],UK,2002-03-20T23:59:59.0Z,2017-03-07T22:02:38.0Z,0,0,0,0,0,0,0,0,0,0,0
B0_127,38,9,utf-8,Apache,68067,US,MO,20-05-1996 00:00,24-10-2016 00:00,19,0,3,1851,23,23,15551,2143,23,4,0
B0_1289,38,10,UTF-8,Apache,40299,UK,None,18-04-1995 00:00,14-11-2016 00:00,0,0,0,0,0,0,0,0,0,0,0
B0_1329,38,9,ISO-8859-1,Apache,NA,US,CA,25-04-2000 00:00,04-08-2015 00:00,0,0,0,0,0,0,0,0,0,0,0
B0_1349,38,8,utf-8,None,NA,US,CA,05-12-1997 00:00,31-03-2017 00:00,0,0,0,0,0,0,0,0,0,0,0
B0_1365,38,9,utf-8,nginx/1.1.19,NA,US,CA,09-12-1996 00:00,09-10-2015 00:00,0,0,0,0,0,0,0,0,0,0,0
B0_1387,38,8,iso-8859-1,Apache/2,345,US,CA,24-09-1996 00:00,30-01-2017 00:00,0,0,0,0,0,0,0,0,0,0,0
B0_1403,38,7,us-ascii,Microsoft-HTTPAPI/2.0,324,US,NJ,10-01-1992 00:00,05-01-2016 00:00,0,0,0,0,0,0,0,0,0,0,0
B0_1404,38,9,UTF-8,GSE,3916,US,CA,31-07-2000 00:00,29-06-2016 00:00,0,0,0,0,0,0,0,0,0,0,0
B0_184,38,8,ISO-8859-1,None,1819,US,CA,02-11-2002 00:00,02-02-2017 00:00,39,25,11,5509,47,45,25776,6115,47,8,0
B0_2011,38,7,ISO-8859-1,None,34,None,None,17-07-2001 00:00,28-05-2014 00:00,7,7,3,618,7,9,562,618,7,0,0
B0_2118,38,8,UTF-8,Apache,NA,US,MI,14-07-2011 00:00,30-06-2016 00:00,13,13,9,1002,13,16,1012,1002,13,0,0
B0_2138,38,7,UTF-8,Apache,1172,US,NY,21-09-2001 00:00,02-03-2017 00:00,4,3,2,432,4,4,244,432,4,0,0
B0_2213,38,6,us-ascii,Microsoft-HTTPAPI/2.0,324,None,None,05-06-2003 00:00,26-11-2014 00:00,6,6,3,540,6,8,539,540,6,0,0
B0_2274,38,8,UTF-8,Server,NA,US,NJ,05-12-1996 00:00,30-11-2016 00:00,3,2,2,330,3,5,306,330,3,0,0
B0_246,38,7,UTF-8,None,24087,AU,NSW,19-02-2002 01:02,29-11-2016 00:00,8,0,3,786,12,9,968,1106,12,4,0
